Designator,Mid X,Mid Y,Rotation,Layer
C1,105.6,-127.75,180.0,top
C10,251.85,-114.5,180.0,top
C11,271.85,-114.5,180.0,top
C12,293.6,-111.1875,90.0,top
C13,153.1,-175.5625,90.0,top
C14,165.6,-177.6875,90.0,top
C15,192.9125,-139.5,180.0,top
C16,181.85,-179.5,180.0,top
C17,194.35,-179.5,180.0,top
C18,226.85,-179.5,180.0,top
C19,239.35,-179.5,180.0,top
C2,106.51,-158.0,180.0,top
C20,225.35,-139.5,180.0,top
C21,251.85,-179.5,180.0,top
C22,264.4125,-179.5,180.0,top
C23,262.9125,-139.5,180.0,top
C24,300.35,-110.75,90.0,top
C25,316.7875,-114.5,180.0,top
C26,329.2875,-114.5,180.0,top
C27,341.7875,-114.5,180.0,top
C28,336.35,-136.8125,270.0,top
C29,343.1,-169.5,180.0,top
C3,152.85,-112.0,90.0,top
C30,342.6625,-201.5,180.0,top
C31,103.85,-38.5,270.0,top
C32,101.1,-38.5,90.0,top
C33,109.1,-38.25,90.0,top
C34,133.5,-73.4375,0.0,top
C35,233.9125,-62.4,90.0,top
C36,61.735,-146.774999,90.0,top
C37,61.735,-131.75,90.0,top
C38,61.735,-116.75,90.0,top
C39,61.734999,-101.975,90.0,top
C4,173.85,-114.25,0.0,top
C40,212.1625,-164.125,0.0,top
C41,318.612497,-147.175,0.0,top
C5,181.1,-114.25,180.0,top
C6,194.1,-114.5,180.0,top
C7,206.85,-114.5,180.0,top
C8,222.85,-111.75,90.0,top
C9,239.35,-114.5,180.0,top
D1,130.75,-49.25,180.0,top
D10,101.35,-77.5,180.0,top
D11,101.35,-72.5,180.0,top
D12,101.35,-75.0,180.0,top
D13,101.35,-70.0,180.0,top
D14,178.65,-75.4,0.0,top
D15,191.2,-75.4,0.0,top
D16,203.7,-75.4,0.0,top
D17,216.2,-75.4,0.0,top
D18,224.18385,-48.85,0.0,top
D19,224.18385,-50.55,0.0,top
D2,114.6,-53.0,0.0,top
D20,224.18385,-52.25,0.0,top
D21,224.2,-66.61,0.0,top
D22,224.2,-68.3,0.0,top
D23,76.85,-150.35,270.0,top
D24,79.35,-150.4,270.0,top
D25,81.85,-150.4,270.0,top
D26,84.35,-150.4,270.0,top
D27,66.35,-157.9,270.0,top
D28,68.85,-157.9,270.0,top
D29,71.35,-157.9,270.0,top
D3,168.9,-48.9,0.0,top
D30,224.2,-70.01,0.0,top
D31,254.3,-58.5,0.0,top
D32,267.9,-48.9,0.0,top
D33,267.9,-50.6,0.0,top
D34,267.9,-52.3,0.0,top
D35,267.9,-66.1,0.0,top
D36,267.9,-69.3,0.0,top
D37,286.9,-58.5,0.0,top
D38,302.1,-56.8,0.0,top
D39,302.1,-58.5,0.0,top
D4,168.9,-50.6,0.0,top
D40,302.1,-60.2,0.0,top
D41,319.6,-66.0,0.0,top
D42,347.1,-56.8,0.0,top
D43,347.1,-58.5,0.0,top
D44,347.1,-60.2,0.0,top
D45,328.8,-66.0,0.0,top
D46,146.1,-127.5,0.0,top
D47,146.1,-129.2,0.0,top
D48,146.1,-130.9,0.0,top
D49,146.1,-132.6,0.0,top
D5,168.9,-52.3,0.0,top
D50,168.6,-128.3,0.0,top
D51,168.6,-131.7,0.0,top
D52,301.3,-146.0,0.0,top
D53,301.3,-149.3,0.0,top
D54,290.14,-174.5,90.0,top
D55,291.84,-174.5,90.0,top
D56,293.54,-174.5,90.0,top
D57,302.6,-128.6,0.0,top
D58,302.6,-132.0,0.0,top
D59,306.6,-162.9,0.0,top
D6,193.9,-49.5,0.0,top
D60,306.6,-164.6,0.0,top
D61,306.6,-166.3,0.0,top
D62,317.1,-153.7,0.0,top
D63,309.9,-128.7,0.0,top
D64,309.9,-132.1,0.0,top
D65,324.4,-138.8,0.0,top
D7,193.9,-51.2,0.0,top
D8,193.9,-52.9,0.0,top
D9,166.2,-75.4,0.0,top
F1,120.35,-53.0,180.0,top
J10,230.1027,-207.075,0.0,top
J11,285.1027,-207.045,0.0,top
J12,150.1027,-221.575,0.0,top
J13,230.1027,-221.575,0.0,top
J14,285.1027,-221.575,0.0,top
J15,135.1027,-214.075,0.0,top
J16,177.6027,-213.575,0.0,top
J17,190.1027,-213.575,0.0,top
J18,202.6027,-213.575,0.0,top
J19,215.1027,-213.575,0.0,top
J20,257.6027,-213.575,0.0,top
J21,270.1027,-213.575,0.0,top
J22,116.75,-44.7,180.0,top
J3,120.1,-207.075,0.0,top
J4,162.6027,-207.075,0.0,top
J5,242.6027,-207.075,0.0,top
J6,120.1027,-221.575,0.0,top
J7,162.6027,-221.575,0.0,top
J8,242.6027,-221.575,0.0,top
J9,150.1027,-207.075,0.0,top
R1,135.425,-49.75,270.0,top
R10,179.6,-68.1,270.0,top
R11,192.1,-68.1,270.0,top
R12,204.6,-68.35,270.0,top
R13,248.6,-48.6,270.0,top
R14,248.35,-66.0,270.0,top
R15,280.85,-48.6,270.0,top
R16,280.85,-66.1,270.0,top
R17,173.35,-128.0,270.0,top
R18,155.85,-128.1,270.0,top
R19,297.85,-145.6,270.0,top
R2,133.6,-66.5,180.0,top
R20,297.85,-163.0,270.0,top
R21,297.85,-128.0,270.0,top
R22,318.1,-57.1,270.0,top
R23,331.35,-57.1,270.0,top
R24,318.35,-163.1,270.0,top
R25,318.6,-127.85,270.0,top
R26,85.1,-65.0,180.0,top
R27,85.2,-67.5,180.0,top
R3,128.85,-65.0,180.0,top
R4,105.01,-144.5,180.0,top
R5,178.6,-48.5,270.0,top
R6,203.6,-48.5,270.0,top
R7,104.1,-114.25,180.0,top
R8,154.6,-68.25,270.0,top
R9,167.1,-68.35,270.0,top
RV1,159.35,-95.0,90.0,top
RV10,286.85,-95.0,90.0,top
RV11,159.35,-160.0,90.0,top
RV12,171.85,-160.0,90.0,top
RV13,184.35,-160.0,90.0,top
RV14,196.85,-160.0,90.0,top
RV15,196.8473,-132.8558,90.0,top
RV16,229.35,-160.0,90.0,top
RV17,241.85,-160.0,90.0,top
RV18,229.3473,-132.8558,90.0,top
RV19,254.35,-160.0,90.0,top
RV2,171.85,-95.0,90.0,top
RV20,266.85,-160.0,90.0,top
RV21,266.8473,-132.8558,90.0,top
RV22,306.85,-95.0,90.0,top
RV23,319.35,-95.0,90.0,top
RV24,331.85,-95.0,90.0,top
RV25,344.35,-95.0,90.0,top
RV26,344.3473,-132.8558,90.0,top
RV27,344.3473,-162.8558,90.0,top
RV28,344.35,-194.865,90.0,top
RV3,184.35,-95.0,90.0,top
RV4,196.85,-95.0,90.0,top
RV5,209.35,-95.0,90.0,top
RV6,229.35,-95.0,90.0,top
RV7,241.85,-95.0,90.0,top
RV8,254.35,-95.0,90.0,top
RV9,274.35,-95.0,90.0,top
SW1,184.35,-49.88,0.0,top
SW10,291.8473,-146.9658,0.0,top
SW11,291.8473,-164.4658,0.0,top
SW12,312.1,-58.5,0.0,top
SW13,337.1,-58.5,0.0,top
SW14,324.3473,-164.4658,0.0,top
SW15,324.3473,-129.5,0.0,top
SW16,159.35,-67.38,0.0,top
SW17,171.85,-67.38,0.0,top
SW18,184.35,-67.38,0.0,top
SW19,196.85,-67.38,0.0,top
SW2,209.35,-49.88,0.0,top
SW20,209.35,-67.38,0.0,top
SW3,254.35,-49.88,0.0,top
SW4,254.35,-67.38,0.0,top
SW5,286.85,-49.88,0.0,top
SW6,286.85,-67.38,0.0,top
SW7,179.3473,-129.4658,0.0,top
SW8,161.8473,-129.4658,0.0,top
SW9,291.8473,-129.4658,0.0,top
U1,135.15,-77.7625,90.0,top
U10,214.5875,-168.2,90.0,top
U11,323.6625,-146.75,180.0,top
U2,238.7375,-60.75,180.0,top
U3,132.19,-57.21,270.0,top
U4,112.1,-118.75,90.0,top
U5,112.85,-149.0,90.0,top
U6,68.235,-150.725,0.0,top
U7,68.235,-135.725,0.0,top
U8,68.235,-120.725,0.0,top
U9,68.235,-105.725,0.0,top
